School Name,Pincode,District
SRI VIVEKANANDA JUNIOR COLLEGE,531163,Anantpur
(03123) SIDDARTHA JR. COLLEGE,533401,Anantpur
(03109) VIVEKA JUNIOR COLLEGE,533401,Anantpur
KALUVA JR. COLLEGE,533293,Anantpur
ST MARYS EM SCHOOL NANDIPALLI,516502,Anantpur
(12213) M.V.S.R.JR.COLLEGE BADVEL,516227,Anantpur
(12214) DR.B.J.S. R.JR.COLLEGE BADVEL,516227,Anantpur
SRI GAYATHRI JUNIOR COLLEGE,516227,Anantpur
M S MODEL EM UP SCHOOL,516227,Anantpur
KARTHIK UP SCHOOL ANJANEYA NAGAR,516227,Anantpur
M.N.M.L.UPS PRODDATUR,516360,Anantpur
SV PS SIMHADRIPURAM,516454,Anantpur
ASHOK KUMAR REDDY EM SCHOOL,516217,Anantpur
ASHOK KUMAR REDDY EM HIGH SCHOOL,516217,Anantpur
ASHOK KUMAR REDDY JUNIOR COLLEGE,516217,Anantpur
BHASHYAM EM HS WEAVERS COLONY YEMMIGANUR,518360,Anantpur
"MEERAN EM UP SCHOOL, PEDDAHOTHUR,",518395,Anantpur
LITTILE ANGELS UP SCHOOL ALUR,518395,Anantpur
(10092) Vijayawada Nalanda Jr College Nandyal,518502,Anantpur
SRI SAIVIKAS EMS DHIREHAL,515872,Anantpur
S.G.M.CONVENT SCHOOL (EM),515872,Anantpur
BALA MEDHAVI EMS,515865,Anantpur
SRI SIDDALINGESWARA E M S,515871,Anantpur
PRATHIBHA E M PRI SCHOOL,515871,Anantpur
PRATHIBHA HS BOMMANAHAL,515871,Anantpur
MEDHA E M SCHOOL,515871,Anantpur
GOOD SEPHERED EM SCHOOL,515871,Anantpur
GOOD SHEPHERD EM SCHOOL,515871,Anantpur
SRI SARASWATHI EM SCHOOL,515812,Anantpur
SRI JNANA JYOTHI EM SCHOOL,515812,Anantpur
SRI SAI MARUTHI E/M SCHOOL,515871,Anantpur
SREE SAI MARUTHI EM HS,515871,Anantpur
SRI SARASWATIVIDYA MANDIR,515842,Anantpur
SRI SHUBODAYA EM SCH,515870,Anantpur
VISWABHARATHI EM UPS VIDAPANAKAL,515870,Anantpur
SRI SAI EM SCHOOL,515870,Anantpur
JNANABHARATHI VIDYANIKETHAN,515870,Anantpur
SRI SARASWATHI VIDYANIKETHAN EM SCHOOL,515842,Anantpur
CRESENT TM UP SCHOOL,515842,Anantpur
SRIVIVEKANANDA EM SCHOOL,515842,Anantpur
AVN SCHOOL VAJRAKARUR,515832,Anantpur
SRI KRISHNA DEVARAYA JR. COLLEGE VAJRAKARUR,515832,Anantpur
SRI SAHITHIVIGNAN EM SCHOOL,515832,Anantpur
VIGNAN JYOTHI ENGLISH MED,515803,Anantpur
NARAYANA TECHNO PS,515801,Anantpur
ST. PETER E.M. SCHOOL,515801,Anantpur
VISWABHARATHI E.M. SCHOOL,515801,Anantpur
SREE VANI VIDYA NIKETAN U,515801,Anantpur
WHITE ROSE UPS,515801,Anantpur
SREE SARADA VIDYA MANDIR,515801,Anantpur
MILLINEUM E.M. SCHOOL,515801,Anantpur
ST.XAVIERS UPS,515801,Anantpur
LITTLE MOON E.M. HIGH SCH,515801,Anantpur
VIGNAN JYOTHI E.M. HIGH S,515803,Anantpur
NARAYANA ETECHNO HS,515801,Anantpur
ST. PETER E.M. HIGH SCHOO,515801,Anantpur
VISWABHARATHI E.M. HIGH S,515801,Anantpur
KANTHI KIRAN HS,515801,Anantpur
ADARSA E.M.SCHOOL,515801,Anantpur
VIGNAN EM SCHOOL,515801,Anantpur
SRIVANI VIDYANIKETAN HS,515801,Anantpur
SRI SAI JUNIOR COLLEGE,515801,Anantpur
BHASYAM PRIMARYSCHOOL,515801,Anantpur
BHASYAM HIGH SCHOOL,515801,Anantpur
NARAYANA JR COLLEGE GUNTAKAL,515801,Anantpur
PALLAVI EM SCHOOL,515801,Anantpur
SRI VIDYA JYOTHI EM SCHOOL,515801,Anantpur
SRI CHAITHNYA E.M. PRIMARY SCHOOL,515801,Anantpur
CARMEL JYOTHI SCHOOL,515801,Anantpur
SRI CHAITANYA EM HIGH SCHOOL BRACH II,515801,Anantpur
INDIAN EM PRIMARY SCHOOL,515801,Anantpur
INDIAN EM HIGH SCHOOL,515801,Anantpur
SREE VIVEKANANDA EM SCHOOL,515803,Anantpur
SRI NAGAMAMBA UPS,515401,Anantpur
SRI RANGANATHA UPS,515401,Anantpur
SAKSHARA E.M.SCHOOL NAKKANADODDI GUNTAKAL M ANANTHAPURAMU D,515803,Anantpur
SRI CHAITANYA EM U P SCHOOL,515401,Anantpur
BHARATHI EM SCHOOL,515401,Anantpur
USHODAYA E.M UPPER PRIMARY SCHOOL,515401,Anantpur
SRI SAPTHASIRI VIDYA MAND,515801,Anantpur
SUCCESS EM UP SCHOOL THILAK NAGARGUNTAKAL,515801,Anantpur
SRI SATYA SAI BABA NATION,515801,Anantpur
SUMEDHA EM SCHOOL,515801,Anantpur
ST MARYS E.M.HS,515801,Anantpur
SRI SAI BABA EM HIGH SCHO,515803,Anantpur
ROTARY EM PS,515801,Anantpur
K C NARAYANA E. M. HIGH S,515801,Anantpur
CHANDAMAMA (SOUTH),515801,Anantpur
CHADAMAMA SCHOOL,515801,Anantpur
SRI SARASWATHI VIDYA MAND (PS),515801,Anantpur
ADARSA E.M. SCHOOL,515801,Anantpur
RAGHAVA EM SCHOOL,515801,Anantpur
SRI AYYAPPA SCHOOL,515801,Anantpur
KANTHI KIRAN PRIMARY.E.M. SCHOOL,515081,Anantpur
RAJIV GANDHI U.P.E.M. SCH,515801,Anantpur
PRATHIBHA VIKAS E.M.SCHOO,515801,Anantpur
SHREE VIVEKANANDA EM SCHO,515801,Anantpur
ST.MARYS E.M.PRIMARY.SCHOOL,515801,Anantpur
SRI SAIBABA U.P.SCHOOL,515803,Anantpur
ROTARY HS (E.M),515801,Anantpur
K.C.NARAYANA E.M.HIGH SCH,515801,Anantpur
SUMEDHA EM SCHOOL,515801,Anantpur
SADHANA VIDYANIKETAN,515801,Anantpur
MODEL E.M.SCHOOL,515801,Anantpur
CARMEL JYOTHI SCHOOL,515801,Anantpur
ARUNA JYOTHI VID.MAN,515801,Anantpur
SUCCESS E.M. HIGH SCHOOL THILAK NAGAR GUNTAKAL,515801,Anantpur
VIDYA PRABHODHINI UP,515801,Anantpur
VIGNAN EM SCHOOL,515801,Anantpur
SRI VISWA VIGNAN EM SCHOL,515801,Anantpur
SRI VIDYA EM SCHOOL,515803,Anantpur
PRATIBHA VIKAS EM SCHOOL,515801,Anantpur
SRICHAITANYA TECHNO PS,515801,Anantpur
SRICHAITANYA TECHNO HS,515801,Anantpur
S.S.B.B.JR.COLLEGE FOR GIRLS GOOTY ROAD,515801,Anantpur
PALLAVI EM HIGH SCHOOL,515801,Anantpur
SRI RAGHAVA ENGLISH MEDIUM SCHOOL,515801,Anantpur
SRI SARASWATHI VIDYAMANDIR,515801,Anantpur
GOWTHAM(EM)HIGH SCHOOL,515801,Anantpur
ST PAUL EM SCHOOL,515801,Anantpur
SRI SARASWATHI VIDYAMANDIRAM HIGH SCHOOL,515801,Anantpur
SRI VIDYARTHI E.M SCHOOL,515803,Anantpur
SASTRA JUNIOR COLLEGE,515801,Anantpur
SRI CHAITANYA EM HIGH SCHOOL GUNTAKAL,515801,Anantpur
GOOD WILLS E.M.SCHOOL,515402,Anantpur
ST. MARYS E.M SCHOOL,515402,Anantpur
REHANA (E.M) PRIMARY SCHO,515402,Anantpur
REHANA E.M.HS,515402,Anantpur
GOODWILLS EM HIGH SCHOOL,515402,Anantpur
SREE RANGANATHA UP SCHOOL,515401,Anantpur
ADITYA EM SCHOOL,515401,Anantpur
SRI RANGANATHA UP SCHOOL,515401,Anantpur
ST.MARRYS (E.M) SCHOOL,515402,Anantpur
MAHARSHI DAYANANDA GURUKU,515401,Anantpur
SRI RAMANUJAN PUBLIC SCHO,515401,Anantpur
SRI SAI JR COLLEGE GOOTY,515401,Anantpur
PARADISE EM UP SCHOOL,515401,Anantpur
ADARSHA SCHOOL,515401,Anantpur
A.V.R.PRIMARY EM SCHOOL,515401,Anantpur
A.V.R. HIGH SCHOOL,515401,Anantpur
SAI CHAITANYA EM SCHOOL,515401,Anantpur
SAI CHAITANYA EM HIGH SCHOOL,515401,Anantpur
SREE MEDHA ENGLISH MEDIUM SHCOOL,515401,Anantpur
SREE SADHANA ENLGISH MEDIUM UP SCHOOL,515401,Anantpur
SREE SAI EM HIGH SCHOOL,515401,Anantpur
GOOD SHEPHERED EM SCHOOL,515401,Anantpur
GOOD SHEPHERD E.M SCHOOL,515401,Anantpur
MAHARSHI VIDYA VIKAS UP SCHOOL GOOTY,515401,Anantpur
MAHATMA JR COLELGE,515401,Anantpur
VIVEKANANDA PRIMARY SCHOO,515401,Anantpur
MAHARHI DAYANANDA GURUKRU,515401,Anantpur
CAPTAIN K K SWAMY MEMORIA,515401,Anantpur
LAL BHADUR SASTRI E.M.SCH,515401,Anantpur
SRI VISHNU VIDYA MANDIR,515401,Anantpur
VIVEKANANDA HIGH. SCHOOL,515401,Anantpur
CAPTAIN K K SWAMY MEMEROA,515401,Anantpur
PADMAVANI UP SCHOOL,515401,Anantpur
SRI SAI EM UP SCHOOL,515401,Anantpur
SRI RAMANJUJAN EM HS,515401,Anantpur
PADMAVANI HIGH SCHOOL,515401,Anantpur
APTWR SCHOOL FOR BOYS,515401,Anantpur
PRAGATHI JR COLLEGE,515401,Anantpur
SRI SAIRAM VIDYANIKETHAN,515455,Anantpur
CMR MEMORIAL SCHOOL,515405,Anantpur
ADARSHA VIDYA NIKETAN,515405,Anantpur
SRI SARASWATHI VIDYA NIKE,515405,Anantpur
"ADARSHA V.N. HS,P.VADUGUR",515405,Anantpur
"SREE SARASWATHI (EM AND TM) HIGH SCHOOL,PEDDAVADUGURU",515405,Anantpur
VIGNESH VIDYANIKETHAN,515405,Anantpur
SSV MANDIR RAYALACHERUVU,515455,Anantpur
VEDAVATHI E.M SCHOOL,515455,Anantpur
C.V.RAMANAREDDY E.M. PRIMARY SCHOOL,515455,Anantpur
C.V.RAMANAREDDY E.M. HIGHSCHOOL,515455,Anantpur
NEW VIKAS ENGLISH MEDIUM SCHOOL,515455,Anantpur
VAGDEVI PRIMARY SCHOOL,515408,Anantpur
PARADISE UPPER PRIMARY SC,515455,Anantpur
VAAGDEVI HS YADIKI,515408,Anantpur
SV PS YADIKI,515408,Anantpur
SV HS YADIKI,515408,Anantpur
VIGNAN CONVENT YADIKI,515408,Anantpur
SAI TEJA U.P.PUB.SCH,515408,Anantpur
SRI GOWTHAM PRIMARY SCHOOL,515408,Anantpur
GOWTHAM HIGH SCHOOL,515408,Anantpur
PARADISE HIGH SCHOOL,515408,Anantpur
"VEDAVATHI EM/TM HIGH SCHOOL, RAYALACHERUVU",515455,Anantpur
J.C.DIWAKAR REDDY JR.COLLEGE YADIKI,515408,Anantpur
VISION EM SCHOOL YADIKI,515408,Anantpur
VISION E.M HIGH SCHOOL,515408,Anantpur
PENNA ENGLISH MEDIUM SCHOOL,515408,Anantpur
PENNA E.M.HIGH SCHOOL,515408,Anantpur
PENNA UPS THALARICHERUVU,515415,Anantpur
PENNA EM HS,515415,Anantpur
BHAGAVAN SRI RAMANA MAHARSHI UP SCHOOL,515411,Anantpur
BHAVITHA EM PRIMARY SCHOOL,515411,Anantpur
BHAVITHA EM HIGH SCHOOL,515411,Anantpur
GOOD SHEPHEERD SCHOOL,515411,Anantpur
SRI SATHAVAHANA ELM SCHOO,515411,Anantpur
VISWESWARAIAH EMS,515411,Anantpur
RANGA ENGLISH MEDIUM SCHOOL,515411,Anantpur
SRI VANI EM TM HIGH SCHOOL,515411,Anantpur
VANI JUNIOR COLLEGE TADIPATRI ZERO ROAD,515411,Anantpur
SAI SRI EM PRIMARY SCHOOL,515411,Anantpur
SAI SRI EM HIGH SCHOOL,515411,Anantpur
LITTLE ROSES UP SCHOOL,515411,Anantpur
GOOD SHEPHERED EM HIGH SCHOOL,515411,Anantpur
GLOBAL E M SCHOOL TADIPATRI,515411,Anantpur
SIR C V RAMAN JR COLLEGE,515411,Anantpur
SRI VENKATESWARA JR COLLEGE,515411,Anantpur
NARAYANA JR. COLLEGE,515144,Anantpur
GURUKUL E.M SCHOOL TADIPATRI,515411,Anantpur
SRI PAVANI EM PRIMARY SCHOOL GANNEVARIPALLI COLONY,515411,Anantpur
PRAGATHI TM SCHOOL,515411,Anantpur
SRISAI TEJA SCHOOL,515411,Anantpur
SRI VIVEKANANDA,515411,Anantpur
SREE CHAITANYA EM S,515411,Anantpur
GOMATHY EM SCHOOL,515411,Anantpur
K.G.N MEMORIAL SCHOOL,515411,Anantpur
SREE BHASHYAM EM SCHOOL,515411,Anantpur
SREE SIVA SHANKAR EM SCHOOL,515411,Anantpur
NARAYANA CONCEPT SCHOOL,515411,Anantpur
SAI VIJETHA HIGH SCHOOL,515411,Anantpur
RAVINDRA BHARATHI SCHOOL,515411,Anantpur
SAI SIDDARTHA SCHOOL,515411,Anantpur
SAI CHAITANYA UP,515411,Anantpur
NATIONAL EM UPS SCHOOL,515411,Anantpur
INDIAN PUBLIC HIGH SCHOOOL,515411,Anantpur
PRASAD CONCEPT SCHOOL,515411,Anantpur
PRAGATHI HIGH SCHOOL,515411,Anantpur
SRI VASAVI VIDYANIKETHAN,515411,Anantpur
SRI SHATAVAHANA EM HS,515411,Anantpur
NARAYANA E TECHNO HS,515411,Anantpur
SRI CHAITANYA TECH HS,515411,Anantpur
MOURYA EM HS,515411,Anantpur
SURYA EM/TM HS,515411,Anantpur
SRI CHAINTANYA TECH PS,515411,Anantpur
NARAYANA E TECH PS,515411,Anantpur
NARAYANA CONCEPT,515411,Anantpur
SRI SAI TEJA HIGH SCHOOL,515411,Anantpur
J.C.N.R.M.JR.COLLEGE TADIPATRI,515411,Anantpur
SRI SAI SIDDARTHA JR COLLEGE,515411,Anantpur
SRI SAI JUNIOR COLLEGE,515411,Anantpur
SREE CHITANYA HS,515411,Anantpur
TARGET E/M HIGH SCHOOL,515411,Anantpur
RAVINDRA BHARATHI E/M HIGH SCHOOL,515411,Anantpur
VIKAS E/M HIGH SCHOOL,515411,Anantpur
SREE RAMA VIDYA MANDIR E/M P/S,515411,Anantpur
VISWESWARAIAH E/M PRIMARY SCHOOL,515411,Anantpur
PRASAD ENGLISH MEDIUM SCHOOL`,515411,Anantpur
GOWTHAM MODERN SCHOOL,515411,Anantpur
GOWTHAM MODERN SCHOOL,515411,Anantpur
SRI SARVEPALLI RADHA KRISHNAN EM SCHOOL,515411,Anantpur
SRI SARASWATHI SISU MADIRAM,515411,Anantpur
NATIONAL EM HIGH SCHOOL,515411,Anantpur
KGN MEMORIAL EM HIGH SCHOOL,515411,Anantpur
SRI NARAYANA EM UP SCHOOL G.V.P. COLONY,515411,Anantpur
SRI YOGANANDA EM PRIMARY SCHOOL,515411,Anantpur
PADMAVANI PRI SCHOOL .T/M,515411,Anantpur
CHRIST THE KING SCHOOL,515411,Anantpur
SRI VANI PRIMARY SCHOOL,515411,Anantpur
SRI AUROBINDO CENTENARY S,515411,Anantpur
SRI SAI VIJETHA ELESCH,515411,Anantpur
VIKAS SCHOOL,515411,Anantpur
SREE RAMA VIDYA MANDIR,515411,Anantpur
SRI LALBAHADUR SCHOOL,515411,Anantpur
RISHI VALLY UPS,515411,Anantpur
SRI RAVITEJA UPS,515411,Anantpur
SRI VASAVI VIDYANIKETHAN,515411,Anantpur
SRI AUROBINDO CENTENARY H,515411,Anantpur
PADMAVANI HS,515411,Anantpur
CHRIST THE KING HIGH SCHO,515411,Anantpur
OXFORD EM SCHOOL,515411,Anantpur
SURYA EM PRIMARY SCHOOL,515411,Anantpur
TARGET EM SCHOOL,515411,Anantpur
INDIAN PUBLIC SCHOOL,515411,Anantpur
MOURYA PRIMARY SCHOOL,515411,Anantpur
NARAYANA E.M. SCHOOLK.NARASAPURAM,515408,Anantpur
MOURYA UPS C.PAPPUR,515445,Anantpur
MOURYA EM TM SCHOOL,515445,Anantpur
SREE SAIRAM EM SCHOOL,515445,Anantpur
SRI SAI RAM EM SCHOOL CHINNAPAPPUR,515445,Anantpur
KESAVA REDDY E.M. SCHOOL,515445,Anantpur
MOURYA JUNIOR COLLEGE CHINNAPAPPURU,515445,Anantpur
S R V N SCHOOL,515435,Anantpur
SRI VINAYAKA E.M SCHOOL NAYANAPALLICROSS,515435,Anantpur
A.N.R. SCHOOL,515435,Anantpur
S S VIDYANIKETHAN,515731,Anantpur
HYDERABAD ENGISH MEDIUM SCHOOL,515731,Anantpur
HYDERABAD EM SCHOOL LOLUR CROSS GOOTY HIGH WAY,515731,Anantpur
S.R.CONVENT KHADARPETA,515775,Anantpur
SRN EMUPS EDDULAPALLI,515775,Anantpur
SRISARSWATHI VIDYAMANDIR,515775,Anantpur
TRINITY EM PRIMARY SCHOOL,515775,Anantpur
VIGNAN PRIMARY E M SCHOOL,515775,Anantpur
TRINITY E.M.HS PAMIDI,515775,Anantpur
SRI SARASWATHI VIDYAMANDI,515775,Anantpur
S.F.S. PRIMARY SCHOOL,515775,Anantpur
SARASWATHI VIDYA MAN,515775,Anantpur
SFS EM HIGH SCHOOL PAMIDI,515775,Anantpur
VIGNAN EMHS PAMIDI,515775,Anantpur
SR JUNIOR COLLEGE PAMIDI,515775,Anantpur
KRISHNAVENI ENGLISH MEDIUM UP SCHOOL,515775,Anantpur
SRI CHAITANYA ENGLISH MEDIUM UP SCHOOL,515775,Anantpur
KRISHNAVENI EM SCHOOL,515775,Anantpur
SRI CHAITANYA EM SCHOOL,515775,Anantpur
SRI NALANDA E.M SCHOOL,515775,Anantpur
SRI CHAITANYA EM SCHOOL HANUMAN TALKIES ROAD,515775,Anantpur
SARASWATHI SISU MANDIR,515774,Anantpur
SRI SATYA SAI UPPER PRIMA,515774,Anantpur
SRI SARASWATHI VIDYA NIKE,515774,Anantpur
VIDYA CHITANYA UP EM SCHO,515774,Anantpur
SRISATYASAI EMHS KALLUR,515774,Anantpur
SRI SARASWATHI VNHS,515774,Anantpur
VISWA VANI EMS ILLUR,515611,Anantpur
SRI VIDYACHAITANYA UPS,515731,Anantpur
SRI AMRUTHA VIDYALAYAM,515731,Anantpur
SRI SAI KIRANMAI VID,515731,Anantpur
AKSHARA INTL EM PS,515731,Anantpur
AKSHARA INTL EM HS,515731,Anantpur
NARAYANA JUNIOR COLLEGE,515731,Anantpur
SRI SANGAMESWARA U P SCHO,515711,Anantpur
VIVEKANANDA EM SCHOOL,515711,Anantpur
PRIMARY SCHOOL FOR INCLUSIVE EDUCATION RDT,515711,Anantpur
SRI VANI SCHOOL OF LEARNING,515711,Anantpur
JAGRUTHI AADARSHA VIDYALAYA EM SCHOOL KUDAIR,515711,Anantpur
SRI MAHESWARI EM SCHOOL,515812,Anantpur
JYOTHI E/M HS,515812,Anantpur
GRAMABYUDAYA PS 9 WARD,515812,Anantpur
SRI VIVEKANANADA E/M SCHO,515812,Anantpur
SHANTHINIKETHAN PRIMARY SCHOOL,515812,Anantpur
SRI SAI PRAGATHI EM UP SC,515812,Anantpur
USHODAYA EM HIGH SCHOOL,515110,Anantpur
VANI VIDYANIKETHAN E/M.U.,515812,Anantpur
USHODHAYAVIDYA ENGLISH UP,515812,Anantpur
SRI VIVEKANANDA E.M. HIGH,515812,Anantpur
JYOTHI ENGLISH MEDIUM HIG,515812,Anantpur
GURU SAI E.M.SCHOOL,515812,Anantpur
VANI VIDYANIKETHAN E.M.S,515812,Anantpur
SRI SIDDESWARA EM,515822,Anantpur
"SREE BASAVESWARA VIDYANIKETHAN EM HIGH SCHOOL ,URAVAKONDA",515812,Anantpur
THE EDISON EM,515812,Anantpur
VIJAYA EM .UP SCHOOL,515812,Anantpur
MAHATMA JR. COLLEGE D.NO. 9-2-59 URAVAKONDA,515812,Anantpur
AVR HS URAVAKONDA,515812,Anantpur
AVR E-TECHNO EM PS HAMALI,515812,Anantpur
CARE ENGLISH MEDIUM UPPER PRIMARY SCHOOL,515812,Anantpur
SRI MAHESWARI E M HIGH SCHOOL,515812,Anantpur
SREE BASAVESWARA VIDYANIKETHAN EM HIGH SCHOOL,515812,Anantpur
THE EDISON E M SCHOOL,515812,Anantpur
SRI SREENIVASA VIDYANIKETHAN (TM/EM) PRIMARY SCHOOL,515741,Anantpur
SRI SREENIVASA VIDYANIKETHAN TM AND EM HIGH SCHOOL,515741,Anantpur
SUNRISES E.M. SCHOOL,515741,Anantpur
SRI VINAYAKA UP SCHOOL,515871,Anantpur
SRIVIDYANIKETAN YRGT,515871,Anantpur
NATIONAL E.M PS,515871,Anantpur
SRI SAI V.N EM UP SCHOOL,515871,Anantpur
LITTLE ANGELS EM SCHOOL,515871,Anantpur
NATIONAL ENG. MED.HIGH SC,515871,Anantpur
VIDYANIKETAN PRIMARY SCHO,515871,Anantpur
ATHAULLA PS,515871,Anantpur
VIDYANIKETAN HS,515871,Anantpur
ATHAULLA EMHS,515871,Anantpur
LITTLE ANGELES ENG HS,515871,Anantpur
VIDYANIKETHAN JUNIOR COLLEGE,515871,Anantpur
NATARAJ EM SCHOOL,515871,Anantpur
MOHAMMADIA JR.COLLEGE RAYADURG,515865,Anantpur
ALI PROGRESSIVE EM SCHOOL,515865,Anantpur
STONE VALLY EM SCHOOL,515867,Anantpur
SRI VIVEKANANDA EM SCHOOL,515867,Anantpur
P.S.R.EM PRIMARY SCHOOL,515865,Anantpur
P.S.R.EM HS SCHOOL,515865,Anantpur
ST PAULS E M PRI SCHOOL,515865,Anantpur
SRI VINAYASRI VIDYANIKETA,515865,Anantpur
VIDYARTHI PRIMARY SCHOOL,515865,Anantpur
CRESCENT U.P. SCHOOL,515865,Anantpur
S L N VIDYAMANDIR,515865,Anantpur
SRI SABARI VIDYANIKETAN,515865,Anantpur
SRI SAI E M UP SCHOOL,515865,Anantpur
SRI SARASWATHI VIDYA MANDIR UP SCHOOL,515865,Anantpur
ST PAULS E M HS,515865,Anantpur
SREE VINAYA SREE VIDYANIKETAN,515865,Anantpur
VIDYARTHI ENG. MED. HIGH,515865,Anantpur
INFANT JESUS E.M.SCH,515865,Anantpur
VANI EM UP SCHOOL,515865,Anantpur
ST PAULS E M UP SCHOOL,515865,Anantpur
CRESECNT E M HS,515865,Anantpur
SRI VENKATESWARA JUNIOR COLLEGE,515865,Anantpur
VIDYARANYA JR COLLEGE RAYADURG,515865,Anantpur
AVR EM SCHOOL RAYADURG,515865,Anantpur
ST.THOMAS EM SCHOOL,515865,Anantpur
AVR EM HIGH SCHOOL RAYADURG,515865,Anantpur
ST.THOMAS ENGLISH MEDIUM HIGH SCHOOL,515865,Anantpur
BHAVANA EM SCHOOL,515865,Anantpur
SRI VANI EM HIGH SCHOOL,515865,Anantpur
THE WISDOM E.M SCHOOL,515865,Anantpur
RANGANATHA EM PRIMARY SCHOOL,515863,Anantpur
GNANA VIKAS SCHOOL,515767,Anantpur
SREE VIDHYANIKETHAN UPS,515765,Anantpur
SRI SAI RAGHAVENDRA U.P.,515766,Anantpur
SHIVA SAI E. M SCHOOL BESTHARAPALLI,515766,Anantpur
SREE RADHA SWAMY VIDYALAYAM UP SCHOOL,515766,Anantpur
SREEDEVI E.M AND T.M HIGH SCHOOL,515761,Anantpur
SRI SAI KRISHNA JUNIOR COLLEGE,515761,Anantpur
JNANA BHARTI SCHOOL,515761,Anantpur
SRI VIVEKANANDA U.P. SCHO,515761,Anantpur
VIGNAN JYOTHI EM SCHOOL,515761,Anantpur
J.B. HS,515761,Anantpur
V.J.E.M.H.SCHOOL,515761,Anantpur
SREE VANI UPS KLD,515761,Anantpur
SRI VIVEKANANDA HIGH SCHOOL,515761,Anantpur
BRAINY STARS INTERNATIONAL SCHOOL,515761,Anantpur
JNANA BHARATHI JR. COLLEGE,515761,Anantpur
SREE LAKSHMI VENKATESWARA VIDYALAYAM,515761,Anantpur
EMMANUEL EM UP SCHOOL,515787,Anantpur
SRI SARASWATHI VIDYA MAND,515761,Anantpur
LITTLE ROSES ENG.MEDIUM U,515761,Anantpur
GOLDEN BELLS UP. SCHOOL,515761,Anantpur
SRI SIVA SAI ENGLISH MEDI,515761,Anantpur
GOLDEN BELLS EM SCHOOL,515761,Anantpur
SRI CHAITANYA EM AND TM SCHOOL,515761,Anantpur
S.R.B.V EMTM SCHOOL,515761,Anantpur
EMMANUEL MISSION SCHOOL,515761,Anantpur
KIRAN EM SCHOOL,515761,Anantpur
SRI CHAITANYA EM AND TM SCHOOL,515761,Anantpur
VIVEKANANDA JR.COLLEGE KALYANDURG,515761,Anantpur
JYOTHIRMAYEE JR COLLEGE FOR GIRLS KALYANDURG,515761,Anantpur
S.R.B.V.EM TM HIGH SCHOOLKALYANADURG,515761,Anantpur
SRI LAKSHMI VENKATESWARA VIDYALAYAM,515761,Anantpur
SRI CHAITANYA EM SCHOOL,515761,Anantpur
SRI SAI VIDYA VIHAR UPS,515751,Anantpur
ST JOHNS EM S ODDUPALLI,515751,Anantpur
ST JOHNS EMS ODDUPALLI,515751,Anantpur
LITTLE ANGLES SCHOOL,515751,Anantpur
SRI VANI VIDYALAYAM,515751,Anantpur
GOLDEN BELLS E/M SCHOOL,515751,Anantpur
HOLY SPIRIT SCHOOL,515751,Anantpur
GOLDEN BELLS EMHS ATMAKUR,515751,Anantpur
HOLY SPIRIT SCHOOLATMAKUR,515751,Anantpur
"DELHI PUBLIC SCHOOL ,AKKAMPALLI VILLAGE",515004,Anantpur
NARAYANA JR COLLEGE,515001,Anantpur
SARDAR VALLABA BAI,515004,Anantpur
JAWAHAR BHARATHI HS,515001,Anantpur
INDIRA VIDYANIKETHAN PS,515001,Anantpur
SREE SAI FRIENDS EM SCHOOL,515001,Anantpur
SIR CV RAMAN JR COLLEGE,515001,Anantpur
ERA ENGLISH MEDIUM SCHOOL,515004,Anantpur
ERA ENGLISH MEDIUM HIGH SCHOOL,515004,Anantpur
ST JOSEPH PUBLIC SCHOOL,515004,Anantpur
SREE PRAGATHI EMS SCHOOL,515001,Anantpur
AL-MATHEENU EM SCHOOL,515751,Anantpur
SRI BALAJI VIDYAMANDIR,515004,Anantpur
SRI BHARATHI EM SCHOOL,515001,Anantpur
SRI CHAITANYAE.M HIGH SCHOOL LAKSHMI SRINIVASA NAGAR,515004,Anantpur
SRI BHARATHI EM HIGH,515004,Anantpur
V V MODEL SCHOOL EM PS,515001,Anantpur
SRI CHAITANYA EM HS,515001,Anantpur
AFFLATUS GLOBAL SCHOOL,515002,Anantpur
AFFLATUS ENGLISH MEDIUM SCHOOL,515002,Anantpur
JORDAN EM HIGH SCHOOL,515004,Anantpur
NAVATHA EM HIGH SCHOOL,515001,Anantpur
CHILDHOOD HIGH SCHOOLRUDRAMPETA,515004,Anantpur
SRI CHAITANYA EM HIGH SCHOOLANANTAPUR,515004,Anantpur
SLN JRJR COLLEGE FOR GIRLS,515004,Anantpur
SREE SAI LITTLE CHAMPIONS EM SCHOOLS,515001,Anantpur
SRI SIVA SAI PRASANTHI EM HIGH SCHOOL,515001,Anantpur
SR JUNIOR COLLEGE FOR GIRLS,515001,Anantpur
SR JUNIOR COLLEGE,515001,Anantpur
ROOTS PUBLIC SCHOOL,515004,Anantpur
JORDAN EMUPS,515004,Anantpur
SRI PRAGATHI VIDYANIKETHAN,515004,Anantpur
ROOTS PUBLIC PS,515004,Anantpur
NAVA BHARATHI EM HS,515001,Anantpur
SRE SAI FRIENDS EM SCHOOL,515004,Anantpur
SWAMY VIVEKANANDA JUNIOR COLLEGE AKUTHOTAPALLI ANANTAPURAMU,515001,Anantpur
CHRISTO EM SCHOOL,515004,Anantpur
RISHITHA EM SCHOOL,515004,Anantpur
KESAVA REDDYCONCEPT,515001,Anantpur
KESAVAREDDY(EM),515001,Anantpur
PRASAD CON.,515001,Anantpur
SRI SATYA SAI JR.COLLEGE ALMUR ROAD,515002,Anantpur
SRI MASTER MINDS EMUP SCHOOL,515004,Anantpur
C.V.R MEMORIAL EM PS,515001,Anantpur
SAHITHI EM UPS,515002,Anantpur
SRI SAI VIDYAMANDIR EM UPS,515004,Anantpur
NAVATHA PUBLIC EM UPS,515004,Anantpur
SRI SAI VIGNAN EM school,515001,Anantpur
PRINCE OF PEACE EMUPS,515001,Anantpur
SAI VIGNAN EM HIGH SCHOOL,515001,Anantpur
SREE MURARI EM SCHOOLNANDAMURI NAGARANANTAPUR,515004,Anantpur
SRI VIVEKANADA JR COLEGE,515003,Anantpur
ANANTHA LAKSHMI ENGLISH MEDIUM,515001,Anantpur
S.K.U.CAMPAS HS,515003,Anantpur
RADHA SCHOOL OF LEARNING,515003,Anantpur
RADHA SCHOOL OF LEARNING,515003,Anantpur
SPHOORTHI VIDYA NIKH,515721,Anantpur
SETHU AMBIENT PS,515003,Anantpur
MASTERS JUNIOR COLLEGE ANANTAPURAMU,515001,Anantpur
SRI MASTERS JUNIOR COLLEGE ANANTAPURAMU,515001,Anantpur
NARAYANA JUNIOR COLLEGE GOOTY ROAD ANANTAPURAMU,515001,Anantpur
NARAYANA JUNIOR COLLEGE SAI NAGAR ANANTAPURAMU,515001,Anantpur
SREE VIVEKANANDA JUNIOR COLLEGE RAJ TOWERS KAMALA NAGAR ANAN,515001,Anantpur
SRI VIKAS JUNIOR COLLEGE BHIRAVA NAGAR ANANTAPURAMU,515001,Anantpur
CRESCENT ENGLISH MEDIUM S,515001,Anantpur
SRI GAYATRI JUNIOR COLLEGE,515001,Anantpur
ST.AUG PRIMARY SCHOOL (EM),515001,Anantpur
SIR C V RAMAN JUNIOR COLLEGE FOR GIRLS,515004,Anantpur
TRINITY E/M SCHOOL,515001,Anantpur
NARAYANA CONCEPT SCHOOL,515004,Anantpur
SRI SURYA VIDYA NIKETAN,515005,Anantpur
SREE VIDYA NIKETAN E/M P,515001,Anantpur
LAKSHMI E/M PRIMARY S.,515005,Anantpur
LITTLE FLOWER MONTESSORI,515001,Anantpur
SRI SARASWATHI VIEDEYA MA,515001,Anantpur
SPRINGDALE E/M SCHOOL,515001,Anantpur
ROTARY E/M P S,515001,Anantpur
SREE KRISHNA E/M H SCHOOL,515004,Anantpur
MAHATMA GANDHI E/M HS,515005,Anantpur
SRI RAMA KRISHNA VIDYALAY,515001,Anantpur
SRI GAYATRI E/M HIGH SCHO,515001,Anantpur
VISWABHARATHI E.M PRIMARY SCHOOL,515004,Anantpur
MINARWA E.M. PRIMARY SCHO,515001,Anantpur
GAUTAMY EM PRIMARY SCHOOL,515001,Anantpur
PRASANTHI VIDYANIKETHAN,515005,Anantpur
MONTESSORI SCHOOL,515001,Anantpur
SRI SAI E.M. SCHOOL,515001,Anantpur
SRI GNANADEEPIKA P. SCHOO,515001,Anantpur
ST. ANNS E.M. PRIMARY SC,515001,Anantpur
SRI SARASWATHI VIDYANIKET,515004,Anantpur
SRI SARASWATHI VIDYANIKETHAN EM HIGH SCHOOL,515004,Anantpur
SRI VANI ENGLISH MEDIUM,515001,Anantpur
SREE SAI VIDYA NIKETHAN,515001,Anantpur
RAVI RAJA ENGLISH MEDIUM SCHOOL,515004,Anantpur
BALAJI E.M.UP.SCHOOL,515001,Anantpur
SRI USHODAYA E.M.SCHOOL,515004,Anantpur
SREE SHIRDI SAI MOKSITH V,515001,Anantpur
JAWAHAR BHARATHI SCHOOL,515004,Anantpur
PRASAD CONCEPT EM HIGH SCHOOL,515004,Anantpur
SPRINGDALE E.M HIGH.SCHOOL,515001,Anantpur
SRI RAMAKRISHNA VIDYALAYA,515003,Anantpur
VISWABHARATHI E.M HIGH SCHOOL,515004,Anantpur
GOOD CHILDREN E/M SCHOOL,515004,Anantpur
LITTLE FLOWER E.M.HIGH SC,515001,Anantpur
ROTARY E.M.SCHOOL,515001,Anantpur
LAKSHMI E.M.HS,515005,Anantpur
CRESCENT E.M. HS,515001,Anantpur
SREE VIDYA NIKETHA E.M.HI,515001,Anantpur
MAHATMA GANDHI ENG.MED.HI,515005,Anantpur
SRI GAYITHRI E.M.SCHOOL,515001,Anantpur
SANTHI VIDYA NIKETAN E.M.,515001,Anantpur
SRI VIDYARANYA E/M. HIGH,515004,Anantpur
VIJAYA E/M P S AZADNAGAR,515001,Anantpur
MINERVA E.M. HS,515001,Anantpur
GAUTAMY EM HIGH SCHOOL,515001,Anantpur
PRASANTH VIDYA NIKETHAN,515005,Anantpur
"MONTESSORI EM HIGH SCHOOL, ANANTAPUR",515001,Anantpur
NARAYANA CONCEPT,515004,Anantpur
ST. ANNS E.M. HIGH SCHOO,515001,Anantpur
SREE JNANADEEPIKA E.M. HI,515001,Anantpur
RAMAN EM SCHOOL,515001,Anantpur
PRASADTALENTEM SCHOOL,515001,Anantpur
BHARATH VIDYANIKETHAN,515004,Anantpur
SRI VIKAS MODEL SCHO,515001,Anantpur
SRIKALA VIDYA NIKHET,515001,Anantpur
SRI CHAITANYA TALENTPRIMARY,515001,Anantpur
PACE EM PRIMARY SCHOOL,515001,Anantpur
BRUHASPATHI VIDYANIK,515001,Anantpur
RAOS EM H SCHOOL,515001,Anantpur
BRIGHT EM UP SCHOOL,515001,Anantpur
C.V.R. MEMORIAL H.S,515004,Anantpur
PRASAD TALENT SCHOOL,515001,Anantpur
RAMAN EM HS,515001,Anantpur
SREE SATHYA PUBLIC SCHOOL,515001,Anantpur
COSMOS FOUNDATION SCHOOL,515004,Anantpur
RAOS EM P SCHOOL,515001,Anantpur
RISHITA EM HS,515001,Anantpur
P.A.C.E.SCHOOL,515001,Anantpur
VIGNAN JUNIOR COLLEGE ANANTAPUR,515001,Anantpur
VIJAYAWADA NALANDA JUNIOR COLLEGE ANANTAPUR,515001,Anantpur
PRK JUNIOR COLLEGE ANANTAPUR,515001,Anantpur
SRI LAKSHMI NARASIMHA JR. COLLEGE ALAMUR ROADATP,515004,Anantpur
VIJAYAWADA NALANDA JUNIOR COLLEGE OF SCIENCE & ARTS,515001,Anantpur
"MONTESSORI SMART EM HIGH SCHOOL,ANANTAPUR",515001,Anantpur
ADRSHA SCHOOL OF LEARNING,515001,Anantpur
SRI SAI VIDYANIKETAN,515001,Anantpur
SRI SHIRDI SAI MOKSHIT HIGH SCHOO,515001,Anantpur
SETHU AMBIENT SHCOOL,515003,Anantpur
SRI CHAITANYA TECHNO PS SCHOOL,515001,Anantpur
SRI CHAITANYA TECHNO HIGH SCHOOL,515001,Anantpur
G00D CHILDREN EM HIGH SCHOOL,515004,Anantpur
CHRISTOS EM HIGH SCHOOL,515001,Anantpur
SRI CHAITANYA TALENT HIGHSCHOOL,515001,Anantpur
NARAYANA E TECHNO HIGH SCHOOL,515001,Anantpur
ANANTAPUR TALENT HIGH SCHOOL,515001,Anantpur
ANANTAPUR TALENT PRIMARY SCHOOL,515001,Anantpur
BRIGHT EM HIGH SCHOOL,515001,Anantpur
SRI SAI PRIMARY SCHOOL,505001,Anantpur
SREEKALAVIDYANIKETHAN E M HIGH SCHOOL,515001,Anantpur
PRK JUNIOR COLLEGE FOR GIRLS,515001,Anantpur
NARAYANA EM UP SCHOOL,515004,Anantpur
SRI SAI SAMPATH EM UPS,515001,Anantpur
SRI RAGHAVENDRA EM UPS,515001,Anantpur
NAVA BHARATHI PRIMARY SCHOOL,515004,Anantpur
RAVI RAJA EM HS,515004,Anantpur
SRI PRATHIBHA MODEL PRIMARY SCHOOL,515004,Anantpur
SRI PRATHIBHA MODEL HIGH SCHOOL,515002,Anantpur
AKSHARA EM PRIMARY SCHOOL,515001,Anantpur
ADHARSHA SCHOOL OF LEARNING,515004,Anantpur
V.V.MODEL EM HS,515001,Anantpur
BRUHASPATHI VIDYA NIKETHAN EM HS,515001,Anantpur
SRI USHODAYA EM SCHOOL,515001,Anantpur
VIJAYA EM PRIMARY SCHOOL,515001,Anantpur
MONTISSORI SMART PRIMARY SCHOOL,515001,Anantpur
SRI GNANA SARASWATI EM PRIMARY SCHOOL,515001,Anantpur
SRI GNANA SARASWATI EM HIGH SCHOOL,515001,Anantpur
SETHU EM UP SCHOOL,515004,Anantpur
KESAVA REDDY CONCEPT HS,515001,Anantpur
KESAVA REDDY CONCEPT PS,515001,Anantpur
BHASHYAM PUBLIC EM PS,515001,Anantpur
BHASHYAM PUBLIC EM HS,515001,Anantpur
SRI VANI EM UPS,515001,Anantpur
SRI SAI PREM EM SCHOOL,515001,Anantpur
GOWTHAM MODEL UPS,515004,Anantpur
SRI VIKAS MODEL EM HIGH SCHOOL,515001,Anantpur
LITTLE SCHOLARS EM UPS,515001,Anantpur
NARAYANA EM HIGH SCHOOL,515001,Anantpur
LAKSHMI SYNERGY SCHOOL,515005,Anantpur
KRISHNAVENI ENGLISH MEDIUM SCHOOL,515001,Anantpur
BRIGHT KIDS PRIMARY SCHOOL,515001,Anantpur
PRINCE OF PEACE EM SCHOOL,515001,Anantpur
WONDER KIDS EM SCHOOL,515004,Anantpur
SPLNS EM UP SCHOOL,515004,Anantpur
SRI CHAITHANYA EM HIGH SCHOOL,515001,Anantpur
SLV EM SCHOOL ANANTAPUR,515001,Anantpur
SRI SATHYA E.M HIGH SCHOOL SATYADEVA NAGAR,515001,Anantpur
BLOSSOOMS EM PRIMARY SCHOOL ARAVIND NAGAR,515001,Anantpur
S V JUNIOR COLLEGE ANANTAPUR,515001,Anantpur
SRI CHAITANYA JR COLLEGE NEAR RTC BUSTAND ANANTHAPURAMU,515001,Anantpur
SRI CHAITANYA EM SCHOOL SINGARAYA COLONY ANANTAPUR,515001,Anantpur
SRI CHAITANYA EM HIGH SCHOOL SINGAROYAL COLONY ANANTHAPURAMU,515001,Anantpur
SRI CHAITANYA EM HIGH SCHOOL SHIRDI NAGAR ANANTAPUR,515001,Anantpur
NARAYANA EM PRIMARY SCHOOL JESUS NAGAR ANANTAPUR,515001,Anantpur
SRI CHAITANYA EM PRIMARY SCHOOL SHIRDI NAGAR ANANTAPUR,515001,Anantpur
NARAYANA EM HIGH SCHOOL JESUS NAGAR ANANTAPUR,515001,Anantpur
"THE TRELLIS SCHOOL,ANANTAPUR",515001,Anantpur
KESAVAREDDY CONCEPT SCHOOL,515731,Anantpur
JEEVANI EM SCHOOL,515701,Anantpur
KESAVAREDDY CONCEPT SCHOOL,515731,Anantpur
-HS FOR HEARING IMPAIRED-RDT,515701,Anantpur
ANANTHA VIDYANIKETHAN,515701,Anantpur
ANANTHA VIDYANIKETHAN,515701,Anantpur
SRI SARASWATHI V NIKETAN,515701,Anantpur
SAI VIGNAN JR COLLEGE BUKKARAYASAMUDRAM,515001,Anantpur
S L N S EM SCHOOL,515701,Anantpur
WISE EM PUBLIC SCHOOL,515701,Anantpur
VANI ENG MED UP SCHOOL,515701,Anantpur
VANI E.M SCHOOL,515701,Anantpur
PRATIBHA EMSVENKATAPURAM,515701,Anantpur
SRI SHIRDI SAIVIDYANIKETHAN EM SCHOOL,515425,Anantpur
SEE NETHAJI ELMSCHOOL,515425,Anantpur
SARASWATHI VIDYA MANDIR,515425,Anantpur
SARASWATHI VIDYA MANDIR,515425,Anantpur
SEKHAR PUBLIC SCHOOL,515425,Anantpur
SHIRDISAI VIDYALAYAM,515425,Anantpur
USHODAYA VIDYANIKETA,515425,Anantpur
"LSRW F SCHOOL,NARPALA",515425,Anantpur
POOJITHA EMS NARPALA,515425,Anantpur
SVS CON SCHOOL NARPALA,515425,Anantpur
SRI NETHAJI EMS NARPALA,515425,Anantpur
LSRW FOUNDATION SCHOOL,515425,Anantpur
SKS PUBLIC SCHOOL GUGUDU,515425,Anantpur
SRI SAI KRUPA JUNIOR COLLEGENARPALA,515425,Anantpur
SURYA UPS KONDAPURAM,515445,Anantpur
SRI SAI VIJETHA EM PS,515414,Anantpur
RAYALASEEMA UP SCHOOL(EM),515414,Anantpur
VENKATESWARA EDN INSTI,515445,Anantpur
SRI SARADA U P SCHOOL,515465,Anantpur
SRISARADA ED SOCIETY,515465,Anantpur
SRI CHAITANYA SCHOOL,515465,Anantpur
L.R.G. PS RAPTADU,515002,Anantpur
ST VINCENT DEPAUL ENG MED,515003,Anantpur
L.R.G. HS RAPTADU,515002,Anantpur
ST.VINCENT DEPAVL E.M HIG,515003,Anantpur
HS FOR I.E.D,515003,Anantpur
SAI VIDYANIKETHAN,515722,Anantpur
SRUJANA EM SCHOOL,515002,Anantpur
MONTESSORI ELITE EM SCHOOL,515722,Anantpur
IMMUCULATE HEART EM S,515641,Anantpur
ROHITH EM SCHOOL,515641,Anantpur
LITTLE HEARTS EM SCHOOL,515787,Anantpur
SREE MURUTHI VIDYA MANDIR,515765,Anantpur
SREE SARADA VIDYA VIHAR U,515765,Anantpur
G HANUMANTHAIAH EM PS,515765,Anantpur
MANIDEEP E.M.SCHOOL,515671,Anantpur
SRI ARUNODAYA EM SCHOOL,515301,Anantpur
ST ANNS E.M HIGH SCHOLL KADIREPALLI,515305,Anantpur
TEJA VIDYAMANDIR E.M PRIMARY SCHOOL,515311,Anantpur
SMT. PRAMEELAMMA SRI KGA GUPTA JR.COLLEGE AGALI,515311,Anantpur
SMT PRAMEELAMMA AND SRI KGA GUPTA EM UP SCHOOL,515311,Anantpur
SREE MASINENI EM UP SCHOOL,515401,Anantpur
SRI CHAITANYA EM SCHOOL,515004,Anantpur
SRI VIVEKANANDA EM SCHOOL,515411,Anantpur
SRI SAI LAKSHMI VIDYANIKETHAN EM UP SCHOOL,515767,Anantpur
S.L.N.S EM HIGH SCHOOL,515701,Anantpur
SRI CHAITANYA EM SCHOOL,515001,Anantpur
MONTESSORI EM UP SCHOOL,515801,Anantpur
YASEEN EM HIGH SCHOOL,515003,Anantpur
GOOD CHILDREN ENGLISH MEDIUM SCHOOL,515002,Anantpur
BEST PU JUNIOR COLLEGE,515731,Anantpur
SR PRIME SCHOOL(EM),515001,Anantpur
TAG EM SCHOOL,515001,Anantpur
VYSHNAVI ENGLISH MEDIUM SCHOOL,515411,Anantpur
NARAYANA ENGLISH MEDIUM UPPER PRIMARY SCHOOL,515761,Anantpur
MARKAZ PUBLIC SCHOOL E.M U.P,515801,Anantpur
SRI VANI SMART EM SCHOOL,515411,Anantpur
THE LOTUS EM SCHOOL,515411,Anantpur
SRI SARASWATHI VIDYA MANDIRAM EM UP SCHOOL,515411,Anantpur
ELITE ENGLISH MEDIUM SCHOOL,515004,Anantpur
M S UNIVERSAL ENGLISH MEDIUM SCHOOL,515872,Anantpur
HIMAJA ENGLISH MEDIUM SCHOOL,515761,Anantpur
SRI SIVA SAI PRASANTHI PRIMARY SCHOOL,515004,Anantpur
SMART KIDZ PRIMARY SCHOOL,515001,Anantpur
SREE AKSHAYA EM PRIMARY SCHOOL,515001,Anantpur
ABC EM SCHOOL,515004,Anantpur
SRI VANI EM PRIMARY SCHOOL,515411,Anantpur